Test,Baseline_SINR,DRL_SINR,Baseline_Detected,DRL_Detected
1,21.835781,23.397882,0,1
2,13.833799,16.819386,0,1
3,30.0,30.0,0,1
4,30.0,30.0,0,1
5,30.0,7.7093453,0,1
6,14.76586,30.0,0,1
7,22.28431,-30.0,0,1
8,25.053673,30.0,0,1
9,30.0,-30.0,0,1
10,30.0,30.0,0,0
11,30.0,30.0,0,0
12,6.175921,19.746681,0,1
13,30.0,-30.0,0,1
14,30.0,30.0,0,0
15,29.682177,30.0,0,1
16,-30.0,30.0,0,0
17,30.0,-30.0,0,1
18,30.0,30.0,0,0
19,30.0,30.0,0,1
20,28.620947,30.0,0,1
