Test,Baseline_SINR,DRL_SINR,Baseline_Detected,DRL_Detected
1,28.321321,30.0,0,1
2,-30.0,30.0,0,1
3,30.0,30.0,0,1
4,27.492939,12.934891,0,1
5,-30.0,-30.0,0,0
6,30.0,23.1829,0,0
7,30.0,30.0,0,1
8,-30.0,30.0,0,1
9,5.061812,-30.0,0,1
10,30.0,30.0,0,1
11,30.0,23.391392,0,1
12,30.0,16.412495,0,0
13,11.719016,-30.0,0,1
14,30.0,30.0,0,1
15,30.0,30.0,0,1
16,30.0,30.0,0,1
17,30.0,30.0,0,1
18,-30.0,29.671028,0,0
19,6.1846886,30.0,0,1
20,30.0,30.0,0,0
