Test_Scenario,Baseline_SINR,DRL_SINR_Avg_Eval,Baseline_Detected_Binary,DRL_Detected_In_Episode_Binary
1,19.00111,15.879148,1,1
2,14.569916,25.815931,1,1
3,4.344361,20.003244,0,1
4,30.0,2.7610035,1,1
5,0.8667706,19.070112,1,1
6,28.441032,11.215284,1,1
7,30.0,12.049783,0,1
8,15.4174385,13.942168,0,1
