Test,Baseline_SINR,DRL_SINR,Baseline_Detected,DRL_Detected
1,27.053543,22.017948,0,1
2,30.0,16.075031,0,1
3,30.0,-30.0,0,1
4,30.0,16.506016,0,1
5,18.514038,-30.0,0,1
6,30.0,30.0,0,1
7,30.0,30.0,0,1
8,30.0,-30.0,0,1
9,30.0,30.0,0,1
10,30.0,30.0,0,1
11,30.0,30.0,0,1
12,30.0,26.944868,0,1
13,30.0,30.0,0,1
14,30.0,30.0,0,1
15,30.0,30.0,0,1
16,-30.0,30.0,0,0
17,4.211125,30.0,0,0
18,-30.0,30.0,0,1
19,27.379797,27.688416,0,1
20,30.0,30.0,0,0
