Test,Baseline_SINR,DRL_SINR,Baseline_Detected,DRL_Detected
1,16.972616,30.0,0,1
2,-30.0,30.0,0,1
3,30.0,5.647585,0,1
4,30.0,30.0,0,1
5,30.0,20.132462,0,1
6,28.708727,30.0,0,0
7,-30.0,5.1446004,0,0
8,18.48106,11.000145,0,0
9,4.1603556,30.0,0,1
10,30.0,-30.0,0,1
11,30.0,30.0,0,1
12,30.0,30.0,0,1
13,30.0,-30.0,0,0
14,29.87263,30.0,0,1
15,30.0,29.865658,0,1
16,30.0,13.143377,0,1
17,30.0,-30.0,0,1
18,23.547554,24.766901,0,0
19,30.0,30.0,0,1
20,30.0,30.0,0,1
