Test,Baseline_SINR,DRL_SINR,Baseline_Detected,DRL_Detected
1,26.637207,-30.0,0,0
2,16.8554,26.287678,0,0
3,27.075998,11.266207,0,0
4,25.5961,30.0,0,0
5,30.0,21.7119,0,0
6,30.0,23.447992,0,0
7,30.0,30.0,0,0
8,9.865685,-30.0,0,0
9,19.398544,7.2362733,0,0
10,-30.0,17.42739,0,0
